{"node_count":[2,18,9],"input_data":[false,false,false,false,false,false,false,false,false,false,false,false,false,false,false,false,false,false],"alpha":0.005,"gamma":0.925,"weights":[[[0.011624435320326622,0.43463045005014006,0.47424966946281233,0.5623899364110484,0.09289387915169982,0.06124221811857327,0.1268772313693219,0.0799215581245748,0.25395237225433787,0.04004331117105492,0.2007381619022516,0.5874225187216938,0.6596662219337137,0.24519347585211346,0.2582529663906297,0.04426434076141118,0.6703923209843988,0.9029898312636793,0.7500551966784228,0.797954279037788,0.0029966895099879094,0.3537294349367326,0.9390434404378886,0.9865090879657499,0.9414144090127136,0.856615875708302,0.4069604662607332,0.7773446911048129,0.7246016862278668,0.5822037974321548,0.5960538841167382,0.5081490911649058,0.8873160677197841,0.19565921419312352,0.06746471552290846,0.26420392363860423,0.18551263945118068,0.725752525034216,0.17806828955364762,0.39719360626649414,0.46032734251643087,0.3755368888102541,0.007011032826201942,0.2442173229849258,0.10932306873118365,0.8665760981808664,0.7930097265070403,0.09357318410326114,0.6398177638947559,0.19395012345103246,0.9774914118122126,0.9289604012116253,0.8209099072215197,0.06434180046858873,0.3802303887715713,0.6676670767347564,0.9182317611296039,0.1341591512379363,0.6672721565400419,0.9349840738757296,0.8384767956766253,0.22007071324977573,0.6622267830587424,0.3613290842291616,0.8423609008104643,0.40119169659690845,0.892173163797706,0.5201916391359181,0.7528559433947117,0.47379337399052135,0.17311934535586418,0.421045533374739,0.03145756260672058,0.6840870436133782,0.22434064235501572,0.29669443673811463,0.08935246463550892,0.3020802860533492,0.3759074391447843,0.04967313501524203,0.13243853180635826,0.19149086743738913,0.04183127508951205,0.24734367100582585,0.7485080037069635,0.2537703631591092,0.9702101981316992,0.41690193524952324,0.9717612067434879,0.5239403168694,0.21825887799516092,0.3204709669477477,0.5077082978363788,0.0666633653785784,0.17718812333593328,0.641374168827906,0.4751501519068769,0.35600742009629177,0.20336030768508884,0.023494191637553813,0.4109706717959848,0.4891603357993272,0.6141334763880189,0.287835183737229,0.309512438450696,0.40805810761424055,0.5358449428272252,0.8337722304914794,0.20830387526971403,0.2301887611948255,0.6012876194528254,0.9034716162531805,0.553083913374376,0.6842917830427894,0.6555174920066936,0.975928984791151,0.5294959184689599,0.6942482906121532,0.18589105427790287,0.25789572122331167,0.9251240986687507,0.23856309464338626,0.9126687911534077,0.6130559156246626,0.36457021161651515,0.8736212764974507,0.1119692168694036,0.9539478047107425,0.7352077893720929,0.9504911156766681,0.7175285789645144,0.762156287314813,0.5946311129145209,0.9934320684032851,0.2520130633857459,0.2991891788411939,0.8494271330619909,0.06538480231592872,0.16976841367501846,0.6336740663770122,0.8014551368419915,0.06355681291456931,0.3566422771134522,0.24576814589431167,0.7074896465627415,0.9114871635969158,0.8322621639772562,0.15127724680749238,0.9716401787146095,0.40204811853734995,0.13258931493774959,0.9296549853282574,0.4789012243932166,0.0791747358435362,0.6150096780914475,0.4865633592014521,0.6610353002458605,0.5528308529275152,0.3669133752411837,0.816022128627641,0.27347048071761576,0.8986455773731774,0.23191392569476976,0.9152822506042304,0.5548585487643999,0.7835905959113177,0.21992650485265758,0.16741223620503545,0.6909376523392199,0.6494141797440576,0.04605134738703625,0.3276210434555092,0.8939548165656703,0.7557114572482008,0.8776413924789954,0.9845306097779711,0.4820154978493898,0.9435465979702223,0.6787299842304253,0.6099294726249843,0.5454753235044594,0.24256150691218667,0.42843314997501863,0.44948802727540266,0.20177643263496814,0.8895597508872202,0.5215810714947207,0.43707881381942926,0.5415613374630841,0.2956802141870376,0.9504192915530908,0.6472731456592039,0.707798447069511,0.7987969431036206,0.4314997376470264,0.16339809250912074,0.9265109751914945,0.5540504881730026,0.69597405916768,0.07243335030666705,0.19214958479006558,0.93542177627883,0.4620952178677104,0.6648023684612386,0.41480632755348784,0.6163605511481846,0.1828524779477521,0.17511739547934177,0.698655282146639,0.3819398306982694,0.7195478352187772,0.7656326707264691,0.09797952369931237,0.447781831567679,0.4162841702772052,0.6840507405396056,0.8318023782961678,0.9156574417298408,0.4386995636798337,0.6190224296203212,0.19742461607733106,0.09261113047396433,0.7899436446280524,0.03834057039353343,0.7419801228967079,0.34645410892319234,0.39512818237419745,0.5263406909265774,0.4396722402990878,0.19094294077377733,0.16448740255517222,0.5275407918793213,0.7977701437662263,0.3272238323491928,0.6366682216842301,0.22621481250046074,0.23172224301806466,0.148823814002728,0.023582448422691457,0.09793630034265355,0.6097781503675146,0.6992050215199046,0.7866199232265978,0.6887699100318165,0.6083128481896553,0.2211056530499975,0.06921758275970327,0.6990634962732345,0.6510545030456157,0.8412089840183699,0.381726963181937,0.4889370151498859,0.5218859420581086,0.4584057974502069,0.6205618473162341,0.9610807572693504,0.27120744554052717,0.8197496417226401,0.4755639562221977,0.6326327411303917,0.8597864014951057,0.7748541330047625,0.7552274334932108,0.5725257928708677,0.7526111830272253,0.9621169893068058,0.7018967795213937,0.7144180654529538,0.5865719197785255,0.7089343406304709,0.7819851839139454,0.762694807245637,0.1568821269586129,0.5739891337735228,0.09133876355312666,0.4732756094105832,0.22017120847153424,0.07178702335897638,0.1563335290263888,0.6631638195221519,0.12377212191600238,0.47399741263008577,0.3205710821932376,0.41711313531518246,0.8665535336535642,0.375002568063149,0.21507106627520076,0.4517238900508576,0.9493563421447064,0.3499947716166662,0.4252511417611247,0.8044611281866471,0.8214560255364093,0.3343679218103981,0.10144368947121433,0.9892234250409244,0.39360939322142124,0.9705783379202705,0.9801469444393949,0.5700296841400108,0.5075282360337693,0.03701145710191547,0.12020930518950576,0.09284423847205299,0.5396589073881143,0.16083558364778847,0.8066967213011571,0.6039842235863369,0.5834722539707334,0.8929570378476301,0.7736661978495735,0.5623233969675056,0.743146676839442,0.7702769615712773,0.11113343939817469,0.24371495095241652,0.7464183226435317,0.15794072564939096,0.9982109779231964,0.37244979646044896,0.6856504406900286,0.08825878290391294,0.31770211202861254,0.8864136750348319],18,18],[[0.1661979227188332,0.849406994158274,0.13259358033063426,0.5938974340371317,0.8742838204549437,0.9681917109796896,0.557511170208453,0.23871884112793001,0.8152176330163566,0.7804941931223844,0.09346191683567258,0.8171232339959835,0.29283683782100667,0.31710953703454614,0.40029823158030353,0.8493763963961026,0.9791521386816943,0.32493563807229403,0.24793557980675868,0.4174230921611942,0.061506665404976575,0.6185353451600915,0.7019016510645457,0.842113553214074,0.9923698490996128,0.659516606023239,0.6327052906047815,0.25366151350552374,0.8236063241526735,0.4573920754979475,0.3649844468888734,0.28102877889099565,0.4885282779640032,0.8814219344771855,0.690581870344011,0.2584577794021938,0.9864980764809058,0.6949920159684789,0.8223737374620356,0.7005740813274723,0.9950146653704605,0.5097077654924963,0.5047699056593526,0.6968821233120953,0.7831007513052884,0.3304802413059672,0.7235844820241594,0.19747836774263539,0.3256784138905859,0.8327199369879777,0.4130535685550732,0.15359799222884168,0.5014370564782353,0.3464051453651134,0.050404620841557404,0.6727691622946586,0.6310838738509622,0.19581155571291353,0.902746679885715,0.771848420505445,0.35772847029918087,0.46529498061807517,0.9535172512722482,0.796585599097174,0.15232857610503525,0.4073011958154844,0.5600869398959458,0.7270274136156337,0.6054726608206595,0.748789600938823,0.7016972562086315,0.3798546180715961,0.07373842702613741,0.026263869391640337,0.5242596159665415,0.3221124176101932,0.10899352772263295,0.7695558771239743,0.8974410750159952,0.7869871675131952,0.6682678685580138,